gene,type,product,location_o157,aa_changes
ynhF,UNIQUE_TO_O157,hypothetical protein,2337303-2337393,GENE_ABSENT_IN_K12
yhjK,UNIQUE_TO_O157,cyclic-di-GMP phosphodiesterase,4425892-4427842,GENE_ABSENT_IN_K12
ycjV,UNIQUE_TO_O157,sugar transporter subunit,1888771-1889854,GENE_ABSENT_IN_K12
yhaO,UNIQUE_TO_O157,transporter,3996435-3997767,GENE_ABSENT_IN_K12
yciF_2,UNIQUE_TO_O157,hypothetical protein,1816426-1816927,GENE_ABSENT_IN_K12
escC,UNIQUE_TO_O157,T3SS structure protein EscC,4611500-4613039,GENE_ABSENT_IN_K12
yraP,UNIQUE_TO_O157,outer membrane lipoprotein,4039034-4039610,GENE_ABSENT_IN_K12
glpR,UNIQUE_TO_O157,transcriptional repressor GlpR,4272922-4273681,GENE_ABSENT_IN_K12
gtdA,UNIQUE_TO_O157,"gentisate 1,2-dioxygenase",2962188-2963217,GENE_ABSENT_IN_K12
ureG,UNIQUE_TO_O157,urease accessory protein,1394906-1395524,GENE_ABSENT_IN_K12
fabF_2,UNIQUE_TO_O157,3-oxoacyl-[acyl-carrier-protein] synthase II,1511174-1512416,GENE_ABSENT_IN_K12
agaW,UNIQUE_TO_O157,N-acetylgalactosamine-specific enzyme IIC component of PTS,4020063-4020843,GENE_ABSENT_IN_K12
unknown,UNIQUE_TO_O157,transcriptional regulator,5485506-5485674,GENE_ABSENT_IN_K12
frwA,UNIQUE_TO_O157,PTS fructose transporter subunit IIA,4946728-4949230,GENE_ABSENT_IN_K12
pphA_2,UNIQUE_TO_O157,serine/threonine-specific protein phosphatase 1,2524280-2524937,GENE_ABSENT_IN_K12
epaR1,UNIQUE_TO_O157,type III secretion protein EpaR,3724406-3724859,GENE_ABSENT_IN_K12
yniC,UNIQUE_TO_O157,2-deoxyglucose-6-P phosphatase,2409230-2409899,GENE_ABSENT_IN_K12
trmI,UNIQUE_TO_O157,tRNA m(7)G46 methyltransferase,3843853-3844573,GENE_ABSENT_IN_K12
cadA_1,UNIQUE_TO_O157,lysine decarboxylase 2,213022-215164,GENE_ABSENT_IN_K12
acrB_5,UNIQUE_TO_O157,multidrug efflux system protein,4402673-4405787,GENE_ABSENT_IN_K12
ygeM,UNIQUE_TO_O157,hypothetical protein,3718083-3718515,GENE_ABSENT_IN_K12
yeaN,UNIQUE_TO_O157,MFS transporter,2477414-2478596,GENE_ABSENT_IN_K12
fruR,UNIQUE_TO_O157,DNA-binding transcriptional dual regulator FruR,92633-93638,GENE_ABSENT_IN_K12
nleA/espI,UNIQUE_TO_O157,T3SS secreted effector NleA/EspI,1801677-1803003,GENE_ABSENT_IN_K12
eefD,UNIQUE_TO_O157,membrane transport protein,1858682-1859846,GENE_ABSENT_IN_K12
ydhZ,UNIQUE_TO_O157,hypothetical protein,2354780-2354990,GENE_ABSENT_IN_K12
torA_1,UNIQUE_TO_O157,biotin sulfoxide reductase,1237750-1240297,GENE_ABSENT_IN_K12
waaD,UNIQUE_TO_O157,"lipopolysaccharide 1,2-N- acetylglucosamine transferase WaaD",4545169-4546312,GENE_ABSENT_IN_K12
sorD,UNIQUE_TO_O157,sorbitol-6-phosphate 2-dehydrogenase,5081701-5082508,GENE_ABSENT_IN_K12
ygbT,UNIQUE_TO_O157,CRISPR-associated protein Cas1,3598947-3599871,GENE_ABSENT_IN_K12
yeeV,UNIQUE_TO_O157,toxin of the YeeV-YeeU toxin-antitoxin system,2750211-2750475,GENE_ABSENT_IN_K12
eivJ2,UNIQUE_TO_O157,type III secretion protein,3726732-3727302,GENE_ABSENT_IN_K12
mdtC_1,UNIQUE_TO_O157,multidrug efflux system subunit B,2830831-2833954,GENE_ABSENT_IN_K12
eefA,UNIQUE_TO_O157,multidrug-efflux transport protein precursor,1853073-1854195,GENE_ABSENT_IN_K12
lhgO,UNIQUE_TO_O157,L-2-hydroxyglutarate oxidase,3512295-3513564,GENE_ABSENT_IN_K12
gadA_2,UNIQUE_TO_O157,glutamate decarboxylase B,4408440-4409841,GENE_ABSENT_IN_K12
yecS,UNIQUE_TO_O157,ABC family inner membrane permease,2620218-2620887,GENE_ABSENT_IN_K12
epaO,UNIQUE_TO_O157,type III secretion protein EpaO,3725786-3726773,GENE_ABSENT_IN_K12
ykgA,UNIQUE_TO_O157,transcriptional regulator,358305-359163,GENE_ABSENT_IN_K12
yifL,UNIQUE_TO_O157,lipoprotein,4788306-4788510,GENE_ABSENT_IN_K12
stx2B,UNIQUE_TO_O157,Shiga toxin 2 subunit B,1268077-1268347,GENE_ABSENT_IN_K12
ygdH,UNIQUE_TO_O157,hypothetical protein,3648834-3650199,GENE_ABSENT_IN_K12
ydcP,UNIQUE_TO_O157,peptidase,2022638-2024642,GENE_ABSENT_IN_K12
epaQ,UNIQUE_TO_O157,type III secretion protein EpaQ,3724860-3725121,GENE_ABSENT_IN_K12
terA,UNIQUE_TO_O157,tellurium resistance protein TerA,1413219-1414377,GENE_ABSENT_IN_K12
terF,UNIQUE_TO_O157,tellurium resistance protein TerF,1417610-1417919,GENE_ABSENT_IN_K12
efeU,UNIQUE_TO_O157,high-affinity Fe2+/Pb2+ permease,1324448-1325279,GENE_ABSENT_IN_K12
yeaI,UNIQUE_TO_O157,membrane-anchored diguanylate cyclase,2472258-2473602,GENE_ABSENT_IN_K12
kpdC,UNIQUE_TO_O157,4-hydroxybenzoate decarboxylase,3584514-3585942,GENE_ABSENT_IN_K12
hosA,UNIQUE_TO_O157,transcriptional regulator,3586681-3587089,GENE_ABSENT_IN_K12
yfhG,UNIQUE_TO_O157,outer membrane protein modulating the QseEF response,3409293-3410007,GENE_ABSENT_IN_K12
espW,UNIQUE_TO_O157,T3SS secreted effector EspW,3478617-3479676,GENE_ABSENT_IN_K12
yhjH,UNIQUE_TO_O157,cyclic-di-GMP phosphodiesterase,4420682-4421450,GENE_ABSENT_IN_K12
yggD,UNIQUE_TO_O157,MtlR family transcriptional repressor,3815423-3815933,GENE_ABSENT_IN_K12
yeaM,UNIQUE_TO_O157,transcriptional regulator,2476496-2477315,GENE_ABSENT_IN_K12
yahA,UNIQUE_TO_O157,c-di-GMP-specific phosphodiesterase,383859-384948,GENE_ABSENT_IN_K12
nleB2-1,UNIQUE_TO_O157,T3SS secreted effector NleB,924621-925602,GENE_ABSENT_IN_K12
ybbW,UNIQUE_TO_O157,allantoin transporter,630227-631619,GENE_ABSENT_IN_K12
yoeE,UNIQUE_TO_O157,hypothetical protein,2739491-2741639,GENE_ABSENT_IN_K12
fabG_1,UNIQUE_TO_O157,3-oxoacyl-[acyl-carrier-protein] reductase,1509905-1510640,GENE_ABSENT_IN_K12
ytfL,UNIQUE_TO_O157,inner membrane protein,5295478-5296822,GENE_ABSENT_IN_K12
escF,UNIQUE_TO_O157,T3SS structure protein EscF,4590496-4590718,GENE_ABSENT_IN_K12
ycdT,UNIQUE_TO_O157,diguanylate cyclase,1335968-1337327,GENE_ABSENT_IN_K12
ygaU,UNIQUE_TO_O157,hypothetical protein,3518650-3519100,GENE_ABSENT_IN_K12
impJ,UNIQUE_TO_O157,type VI secretion system protein ImpJ,254671-256003,GENE_ABSENT_IN_K12
yfjX,UNIQUE_TO_O157,antirestriction protein,2748426-2748906,GENE_ABSENT_IN_K12
ybdO,UNIQUE_TO_O157,transcriptional regulator,718185-719088,GENE_ABSENT_IN_K12
grlR,UNIQUE_TO_O157,negative regulator GrlR,4614359-4614731,GENE_ABSENT_IN_K12
tdcE_2,UNIQUE_TO_O157,formate C-acetyltransferase,3999880-4002175,GENE_ABSENT_IN_K12
sugE,UNIQUE_TO_O157,multidrug efflux system protein,5231282-5231600,GENE_ABSENT_IN_K12
insQ_2,UNIQUE_TO_O157,IS609 transposase,5282396-5283545,GENE_ABSENT_IN_K12
waaR,UNIQUE_TO_O157,"lipopolysaccharide 1,2-glucosyltransferase WaaR",4546320-4547334,GENE_ABSENT_IN_K12
espX4,UNIQUE_TO_O157,T3SS effector-like protein EspX,5104011-5105592,GENE_ABSENT_IN_K12
yaiV,UNIQUE_TO_O157,transcriptional regulator,454285-454909,GENE_ABSENT_IN_K12
ykfJ,UNIQUE_TO_O157,hypothetical protein,291354-291621,GENE_ABSENT_IN_K12
acrB_1,UNIQUE_TO_O157,multidrug efflux system protein,547319-550469,GENE_ABSENT_IN_K12
ygaR,UNIQUE_TO_O157,alpha-amylase,3508709-3509948,GENE_ABSENT_IN_K12
yciM,UNIQUE_TO_O157,hypothetical protein,1841401-1842571,GENE_ABSENT_IN_K12
rtn,UNIQUE_TO_O157,phage resistance protein,3005790-3007347,GENE_ABSENT_IN_K12
yifK,UNIQUE_TO_O157,APC family amino acid transporter,4774418-4775804,GENE_ABSENT_IN_K12
wcaG,UNIQUE_TO_O157,GDP-L-fucose synthetase,2801732-2802698,GENE_ABSENT_IN_K12
acrB_2,UNIQUE_TO_O157,multidrug efflux system protein,1854194-1857278,GENE_ABSENT_IN_K12
yfaS,UNIQUE_TO_O157,alpha-2-macroglobulin family protein,3055703-3060098,GENE_ABSENT_IN_K12
fitC,UNIQUE_TO_O157,permease of ferrichrome ABC transporter,3915357-3916341,GENE_ABSENT_IN_K12
iceT,UNIQUE_TO_O157,transporter,2837032-2838448,GENE_ABSENT_IN_K12
nleG2-3,UNIQUE_TO_O157,T3SS secreted effector NleG,2160278-2160854,GENE_ABSENT_IN_K12
ssb_1,UNIQUE_TO_O157,single-stranded DNA-binding protein,5127398-5127935,GENE_ABSENT_IN_K12
yehU,UNIQUE_TO_O157,histidine kinase,2894085-2895771,GENE_ABSENT_IN_K12
espN,UNIQUE_TO_O157,T3SS secreted effector EspN,1582241-1585643,GENE_ABSENT_IN_K12
impK,UNIQUE_TO_O157,type VI secretion system protein ImpK,253905-254667,GENE_ABSENT_IN_K12
rorf8,UNIQUE_TO_O157,T3SS component,4610087-4610465,GENE_ABSENT_IN_K12
yehT,UNIQUE_TO_O157,two-component regulatory system response regulator YehT,2893369-2894089,GENE_ABSENT_IN_K12
gapC,UNIQUE_TO_O157,glyceraldehyde-3-phosphate dehydrogenase C,2007357-2008359,GENE_ABSENT_IN_K12
espY4,UNIQUE_TO_O157,T3SS effector-like protein EspY,4686410-4688819,GENE_ABSENT_IN_K12
prfH,UNIQUE_TO_O157,peptide chain release factor RF-1,291589-292090,GENE_ABSENT_IN_K12
ratB,UNIQUE_TO_O157,hypothetical protein,3474149-3474440,GENE_ABSENT_IN_K12
ycbK,UNIQUE_TO_O157,M15A protease-related family periplasmic protein,1112717-1113266,GENE_ABSENT_IN_K12
cptA,UNIQUE_TO_O157,toxin of CptAB toxin-antitoxin pair,3778691-3779099,GENE_ABSENT_IN_K12
nleB1,UNIQUE_TO_O157,T3SS secreted effector NleB,3863740-3864730,GENE_ABSENT_IN_K12
yfiP,UNIQUE_TO_O157,hypothetical protein,3439554-3440253,GENE_ABSENT_IN_K12
eivJ1,UNIQUE_TO_O157,type III secretion system protein EivJ1,3727374-3727608,GENE_ABSENT_IN_K12
ydcN,UNIQUE_TO_O157,transcriptional regulator,2022071-2022608,GENE_ABSENT_IN_K12
yjcC,UNIQUE_TO_O157,membrane-anchored cyclic-di-GMP phosphodiesterase,5128743-5130330,GENE_ABSENT_IN_K12
sorA,UNIQUE_TO_O157,sorbose-permease PTS system IIC component,5079927-5080725,GENE_ABSENT_IN_K12
yciV,UNIQUE_TO_O157,S-adenosylmethionine tRNA ribosyltransferase,1824376-1825258,GENE_ABSENT_IN_K12
ynfF_4,UNIQUE_TO_O157,S- and N-oxide reductase subunit A,3363574-3365956,GENE_ABSENT_IN_K12
nleG6-1,UNIQUE_TO_O157,T3SS secreted effector NleG,1970911-1971541,GENE_ABSENT_IN_K12
yifE,UNIQUE_TO_O157,hypothetical protein,4741655-4741994,GENE_ABSENT_IN_K12
espL2,UNIQUE_TO_O157,T3SS secreted effector EspL,3861483-3863133,GENE_ABSENT_IN_K12
sorC,UNIQUE_TO_O157,sor-operon regulator,5082577-5083525,GENE_ABSENT_IN_K12
gne,UNIQUE_TO_O157,UDP-galactose 4-epimerase,2788864-2789860,GENE_ABSENT_IN_K12
mbhA,UNIQUE_TO_O157,flagellar system protein MbhA,288078-288714,GENE_ABSENT_IN_K12
dsbE,UNIQUE_TO_O157,thiol:disulfide interchange protein DsbE,3026094-3026652,GENE_ABSENT_IN_K12
wecD,UNIQUE_TO_O157,TDP-fucosamine acetyltransferase,4767998-4768673,GENE_ABSENT_IN_K12
nleG5-2,UNIQUE_TO_O157,T3SS secreted effector NleG,2158853-2159495,GENE_ABSENT_IN_K12
mnmH,UNIQUE_TO_O157,tRNA 2-selenouridine synthase,622725-623820,GENE_ABSENT_IN_K12
yhbT,UNIQUE_TO_O157,SCP-2 sterol transfer family protein,4043377-4043902,GENE_ABSENT_IN_K12
yiiD,UNIQUE_TO_O157,acetyltransferase,4874194-4875136,GENE_ABSENT_IN_K12
dnaI,UNIQUE_TO_O157,primosomal protein DnaI,5459462-5460002,GENE_ABSENT_IN_K12
fucK_1,UNIQUE_TO_O157,L-fuculokinase,3659994-3661413,GENE_ABSENT_IN_K12
eivA,UNIQUE_TO_O157,type III secretion protein EivA,3729357-3731418,GENE_ABSENT_IN_K12
torA_2,UNIQUE_TO_O157,biotin sulfoxide reductase,2556644-2559074,GENE_ABSENT_IN_K12
yfdL,UNIQUE_TO_O157,phage tail protein,306451-306862,GENE_ABSENT_IN_K12
nleF,UNIQUE_TO_O157,T3SS secreted effector NleF,1805806-1806376,GENE_ABSENT_IN_K12
pchB,UNIQUE_TO_O157,PchABC family transcriptional regulator,2182900-2183215,GENE_ABSENT_IN_K12
mpc,UNIQUE_TO_O157,regulator Mpc,4609166-4609520,GENE_ABSENT_IN_K12
flc,UNIQUE_TO_O157,fluoride efflux channel,738910-739294,GENE_ABSENT_IN_K12
eivC,UNIQUE_TO_O157,type III secretion apparatus protein EivC,3728033-3729326,GENE_ABSENT_IN_K12
yedV,UNIQUE_TO_O157,two-component system sensor histidine kinase YedV,2661469-2662828,GENE_ABSENT_IN_K12
yhbM,UNIQUE_TO_O157,lipoprotein nlpI precursor,4050664-4051549,GENE_ABSENT_IN_K12
ybbN,UNIQUE_TO_O157,thioredoxin,611222-612077,GENE_ABSENT_IN_K12
yifO,UNIQUE_TO_O157,hypothetical protein,4753542-4753992,GENE_ABSENT_IN_K12
citA,UNIQUE_TO_O157,sensory histidine kinase in two-component regulatory system with CitB,733590-735249,GENE_ABSENT_IN_K12
yoaD,UNIQUE_TO_O157,membrane-anchored cyclic-di-GMP phosphodiesterase,2500392-2501991,GENE_ABSENT_IN_K12
ybiC,UNIQUE_TO_O157,dehydrogenase,960791-961877,GENE_ABSENT_IN_K12
ybeM,UNIQUE_TO_O157,amidase,739386-740175,GENE_ABSENT_IN_K12
ipgF,UNIQUE_TO_O157,hypothetical protein,4614926-4615385,GENE_ABSENT_IN_K12
ygeR,UNIQUE_TO_O157,hypothetical protein,3737592-3738348,GENE_ABSENT_IN_K12
fitD,UNIQUE_TO_O157,permease of ferrichrome ABC transporter,3914311-3915349,GENE_ABSENT_IN_K12
kpdB,UNIQUE_TO_O157,phenylacrylic acid decarboxylase,3585941-3586535,GENE_ABSENT_IN_K12
mdtC_2,UNIQUE_TO_O157,multidrug efflux system subunit B,2833954-2837032,GENE_ABSENT_IN_K12
yihW,UNIQUE_TO_O157,transcriptional regulator,4871366-4872152,GENE_ABSENT_IN_K12
wzy,UNIQUE_TO_O157,O-antigen polymerase,2785446-2786631,GENE_ABSENT_IN_K12
ftrA,UNIQUE_TO_O157,transcriptional regulator,2147597-2148569,GENE_ABSENT_IN_K12
ybbD,UNIQUE_TO_O157,hypothetical protein,621234-621495,GENE_ABSENT_IN_K12
ynfG_2,UNIQUE_TO_O157,oxidoreductase,2262928-2263546,GENE_ABSENT_IN_K12
acuI,UNIQUE_TO_O157,acryloyl-CoA reductase,4138571-4139546,GENE_ABSENT_IN_K12
yeeD,UNIQUE_TO_O157,TusA family sulfurtransferase,2756868-2757096,GENE_ABSENT_IN_K12
srlQ,UNIQUE_TO_O157,D-arabinose 5-phosphate isomerase,3553862-3554828,GENE_ABSENT_IN_K12
neuD,UNIQUE_TO_O157,shikimate 5-dehydrogenase,2773667-2774333,GENE_ABSENT_IN_K12
espL4,UNIQUE_TO_O157,T3SS effector-like protein EspL,5028828-5031015,GENE_ABSENT_IN_K12
yeeE,UNIQUE_TO_O157,inner membrane protein,2757109-2758114,GENE_ABSENT_IN_K12
espK,UNIQUE_TO_O157,T3SS secreted effector EspK,1588287-1589649,GENE_ABSENT_IN_K12
escG,UNIQUE_TO_O157,T3SS component EscG,4590212-4590491,GENE_ABSENT_IN_K12
sorE,UNIQUE_TO_O157,L-sorbose 1-phosphate dehydrogenase,5039052-5040282,GENE_ABSENT_IN_K12
tdcG_1,UNIQUE_TO_O157,L-serine dehydratase 3,2498897-2500262,GENE_ABSENT_IN_K12
rhmA,UNIQUE_TO_O157,2-keto-3-deoxy-L-rhamnonate aldolase,3087377-3088130,GENE_ABSENT_IN_K12
sorF,UNIQUE_TO_O157,sorbose-permease PTS system IIA component,5081284-5081692,GENE_ABSENT_IN_K12
nupX_1,UNIQUE_TO_O157,nucleoside permease,2987957-2989208,GENE_ABSENT_IN_K12
trmN,UNIQUE_TO_O157,tRNA1(Val) (adenine(37)-N6)-methyltransferase,3432534-3433272,GENE_ABSENT_IN_K12
apbE,UNIQUE_TO_O157,thiamine-synthetic flavin transferase lipoprotein,3043600-3044656,GENE_ABSENT_IN_K12
ydaM,UNIQUE_TO_O157,diguanylate cyclase,1916171-1917404,GENE_ABSENT_IN_K12
yciE_2,UNIQUE_TO_O157,hypothetical protein,1815874-1816381,GENE_ABSENT_IN_K12
yfaD,UNIQUE_TO_O157,transposase,3086410-3087337,GENE_ABSENT_IN_K12
escJ,UNIQUE_TO_O157,T3SS structure protein EscJ,4610467-4611040,GENE_ABSENT_IN_K12
lpfA,UNIQUE_TO_O157,type 1 fimbrial protein,4704106-4704709,GENE_ABSENT_IN_K12
ydiU,UNIQUE_TO_O157,hypothetical protein,2389658-2391095,GENE_ABSENT_IN_K12
dinI_1,UNIQUE_TO_O157,DNA-damage-inducible protein DinI,1480526-1480772,GENE_ABSENT_IN_K12
cesD,UNIQUE_TO_O157,T3SS chaperone CesD,4613052-4613508,GENE_ABSENT_IN_K12
ygaY,UNIQUE_TO_O157,transporter,3532593-3533778,GENE_ABSENT_IN_K12
nleG,UNIQUE_TO_O157,T3SS secreted effector NleG,1810982-1811630,GENE_ABSENT_IN_K12
yheL,UNIQUE_TO_O157,hypothetical protein,4367453-4369064,GENE_ABSENT_IN_K12
fepC_2,UNIQUE_TO_O157,ABC-type iron-siderophore transport system ATP-binding protein,3916337-3917147,GENE_ABSENT_IN_K12
hyxR,UNIQUE_TO_O157,hypothetical protein,371104-371272,GENE_ABSENT_IN_K12
gntX,UNIQUE_TO_O157,DNA catabolic protein,4257182-4257866,GENE_ABSENT_IN_K12
ygcB,UNIQUE_TO_O157,CRISPR-associated helicase/endonuclease Cas3,3604516-3607216,GENE_ABSENT_IN_K12
espY2,UNIQUE_TO_O157,T3SS effector-like protein EspY,80671-81241,GENE_ABSENT_IN_K12
espM1,UNIQUE_TO_O157,T3SS secreted effector EspM,1811813-1812404,GENE_ABSENT_IN_K12
smtA,UNIQUE_TO_O157,S-adenosylmethionine-dependent methyltransferase,1103179-1103965,GENE_ABSENT_IN_K12
gst,UNIQUE_TO_O157,glutathione S-transferase,2314240-2314846,GENE_ABSENT_IN_K12
eivE,UNIQUE_TO_O157,type III secretion protein EivE,3731410-3732556,GENE_ABSENT_IN_K12
yecC,UNIQUE_TO_O157,ABC transporter ATPase,2619469-2620222,GENE_ABSENT_IN_K12
tdcG_3,UNIQUE_TO_O157,L-serine dehydratase 3,3998041-3999406,GENE_ABSENT_IN_K12
escN,UNIQUE_TO_O157,T3SS structure protein EscN,4605818-4607159,GENE_ABSENT_IN_K12
yghX,UNIQUE_TO_O157,hydrolase,3887336-3888224,GENE_ABSENT_IN_K12
ycbL,UNIQUE_TO_O157,hypothetical protein,1113292-1113940,GENE_ABSENT_IN_K12
ygeF,UNIQUE_TO_O157,hypothetical protein,3713318-3713810,GENE_ABSENT_IN_K12
ynfF_2,UNIQUE_TO_O157,S- and N-oxide reductase subunit A,2258007-2260434,GENE_ABSENT_IN_K12
yhcR,UNIQUE_TO_O157,hypothetical protein,4124495-4124699,GENE_ABSENT_IN_K12
espO1-1,UNIQUE_TO_O157,T3SS secreted effector EspO,1587951-1588227,GENE_ABSENT_IN_K12
ydhB,UNIQUE_TO_O157,LysR family transcriptional regulator,2338713-2339646,GENE_ABSENT_IN_K12
ybdH,UNIQUE_TO_O157,oxidoreductase,713858-714947,GENE_ABSENT_IN_K12
yedQ,UNIQUE_TO_O157,membrane-anchored diguanylate cyclase,2651005-2652700,GENE_ABSENT_IN_K12
stx1B,UNIQUE_TO_O157,Shiga toxin 1 subunit B,2924624-2924894,GENE_ABSENT_IN_K12
lpfE,UNIQUE_TO_O157,fimbrial adhesin protein,4452677-4453208,GENE_ABSENT_IN_K12
espJ,UNIQUE_TO_O157,T3SS secreted effector EspJ,2668709-2669363,GENE_ABSENT_IN_K12
sodC_1,UNIQUE_TO_O157,copper/zinc-superoxide dismutase,1202676-1203204,GENE_ABSENT_IN_K12
terW,UNIQUE_TO_O157,tellurium resistance protein TerW,1405598-1406066,GENE_ABSENT_IN_K12
yceA,UNIQUE_TO_O157,rhodanese-related sulfurtransferase,1476088-1477141,GENE_ABSENT_IN_K12
espD,UNIQUE_TO_O157,T3SS translocator EspD,4592126-4593251,GENE_ABSENT_IN_K12
yqfA,UNIQUE_TO_O157,hemolysin III family HylIII inner membrane protein,3780645-3781305,GENE_ABSENT_IN_K12
fitE,UNIQUE_TO_O157,ferrichrome-binding protein,3913353-3914301,GENE_ABSENT_IN_K12
yhbV,UNIQUE_TO_O157,protease,4045114-4045993,GENE_ABSENT_IN_K12
yegQ,UNIQUE_TO_O157,peptidase,2841237-2842599,GENE_ABSENT_IN_K12
ynfH_1,UNIQUE_TO_O157,oxidoreductase membrane subunit,2263547-2264402,GENE_ABSENT_IN_K12
ydiS_2,UNIQUE_TO_O157,oxidoreductase,2381245-2382535,GENE_ABSENT_IN_K12
traT,UNIQUE_TO_O157,complement resistance protein precursor TraT,1385839-1386379,GENE_ABSENT_IN_K12
yejM,UNIQUE_TO_O157,membrane protein,3019440-3021201,GENE_ABSENT_IN_K12
hldD,UNIQUE_TO_O157,ADP-L-glycero-D-mannoheptose-6-epimerase,4540944-4541877,GENE_ABSENT_IN_K12
nleG5-1,UNIQUE_TO_O157,T3SS secreted effector NleG,1971622-1972264,GENE_ABSENT_IN_K12
fmlA,UNIQUE_TO_O157,type 1 fimbrial protein precursor,2113999-2114563,GENE_ABSENT_IN_K12
yciS,UNIQUE_TO_O157,inner membrane-anchored protein,1841086-1841395,GENE_ABSENT_IN_K12
espM2,UNIQUE_TO_O157,T3SS secreted effector EspM,3477115-3477706,GENE_ABSENT_IN_K12
insQ_1,UNIQUE_TO_O157,IS609 transposase,3246161-3247310,GENE_ABSENT_IN_K12
yciB_1,UNIQUE_TO_O157,intracellular septation protein A,1755332-1755872,GENE_ABSENT_IN_K12
eivI,UNIQUE_TO_O157,type III secretion apparatus protein EivI,3727585-3728044,GENE_ABSENT_IN_K12
tdcG_2,UNIQUE_TO_O157,L-serine dehydratase 3,3652102-3653470,GENE_ABSENT_IN_K12
sepD,UNIQUE_TO_O157,T3SS secretion switching protein SepD,4611045-4611501,GENE_ABSENT_IN_K12
ydhC,UNIQUE_TO_O157,arabinose efflux transporter,2339758-2340970,GENE_ABSENT_IN_K12
pfo,UNIQUE_TO_O157,pyruvate-flavodoxin oxidoreductase,1974898-1978423,GENE_ABSENT_IN_K12
ygbF,UNIQUE_TO_O157,CRISPR adaptation ssRNA endonuclease,3598657-3598951,GENE_ABSENT_IN_K12
yccT,UNIQUE_TO_O157,hypothetical protein,1156582-1157245,GENE_ABSENT_IN_K12
escT,UNIQUE_TO_O157,T3SS structure protein EscT,4616411-4617188,GENE_ABSENT_IN_K12
sepQ,UNIQUE_TO_O157,T3SS structure protein SepQ,4604149-4605067,GENE_ABSENT_IN_K12
yebT,UNIQUE_TO_O157,hypothetical protein,2519476-2522110,GENE_ABSENT_IN_K12
escV,UNIQUE_TO_O157,T3SS structure protein EscV,4607142-4609170,GENE_ABSENT_IN_K12
tir,UNIQUE_TO_O157,T3SS translocated intimin receptor Tir,4600054-4601731,GENE_ABSENT_IN_K12
yedZ,UNIQUE_TO_O157,inner membrane heme subunit for periplasmic YedYZ reductase,2665157-2665793,GENE_ABSENT_IN_K12
ybgJ,UNIQUE_TO_O157,allophanate hydrolase,820239-820896,GENE_ABSENT_IN_K12
yjdC,UNIQUE_TO_O157,transcriptional regulator,5217310-5217886,GENE_ABSENT_IN_K12
espA,UNIQUE_TO_O157,T3SS translocator EspA,4593263-4593842,GENE_ABSENT_IN_K12
ydaQ,UNIQUE_TO_O157,excisionase,1922845-1923061,GENE_ABSENT_IN_K12
EspX6,UNIQUE_TO_O157,T3SS effector-like protein EspX,5424391-5426599,GENE_ABSENT_IN_K12
terZ,UNIQUE_TO_O157,tellurium resistance protein TerZ,1412638-1413220,GENE_ABSENT_IN_K12
espY1,UNIQUE_TO_O157,T3SS effector-like protein EspY,63449-64202,GENE_ABSENT_IN_K12
espR4,UNIQUE_TO_O157,T3SS effector-like protein EspR,2635832-2636972,GENE_ABSENT_IN_K12
tktB_2,UNIQUE_TO_O157,transketolase,3820381-3822373,GENE_ABSENT_IN_K12
cesF,UNIQUE_TO_O157,T3SS chaperone CesF,4603031-4603415,GENE_ABSENT_IN_K12
yhgA,UNIQUE_TO_O157,hypothetical protein,4255469-4256348,GENE_ABSENT_IN_K12
impL,UNIQUE_TO_O157,type VI secretion system protein ImpL,245398-248833,GENE_ABSENT_IN_K12
modD,UNIQUE_TO_O157,molybdenum transport protein,1690005-1690860,GENE_ABSENT_IN_K12
espX1,UNIQUE_TO_O157,T3SS effector-like protein EspX,23329-24751,GENE_ABSENT_IN_K12
nleH1-1,UNIQUE_TO_O157,T3SS secreted effector NleH,927482-928364,GENE_ABSENT_IN_K12
yfeA,UNIQUE_TO_O157,diguanylate cyclase,3242560-3244750,GENE_ABSENT_IN_K12
yedY,UNIQUE_TO_O157,reductase,2664152-2665157,GENE_ABSENT_IN_K12
stbA,UNIQUE_TO_O157,plasmid partition protein,2602437-2603397,GENE_ABSENT_IN_K12
fitR,UNIQUE_TO_O157,transcriptional regulator,3912469-3913357,GENE_ABSENT_IN_K12
grlA,UNIQUE_TO_O157,positive regulator GrlA,4613891-4614305,GENE_ABSENT_IN_K12
yaiT,UNIQUE_TO_O157,flagellin structural protein,451255-454198,GENE_ABSENT_IN_K12
yqjH,UNIQUE_TO_O157,siderophore interacting protein,3955385-3956150,GENE_ABSENT_IN_K12
srlM,UNIQUE_TO_O157,transcriptional regulator,3552670-3553030,GENE_ABSENT_IN_K12
gmr,UNIQUE_TO_O157,modulator of Rnase II stability,1845599-1847585,GENE_ABSENT_IN_K12
yjhT,UNIQUE_TO_O157,N-acetylneuraminic acid mutarotase,5392693-5393800,GENE_ABSENT_IN_K12
impB,UNIQUE_TO_O157,type VI secretion system protein ImpB,262936-263437,GENE_ABSENT_IN_K12
yejH,UNIQUE_TO_O157,ATP-dependent helicase,3015696-3017457,GENE_ABSENT_IN_K12
EspX5,UNIQUE_TO_O157,T3SS effector-like protein EspX,5135054-5136347,GENE_ABSENT_IN_K12
yfbT,UNIQUE_TO_O157,sugar phosphatase,3137743-3138394,GENE_ABSENT_IN_K12
ydcX,UNIQUE_TO_O157,hypothetical protein,2033288-2033462,GENE_ABSENT_IN_K12
sfmZ,UNIQUE_TO_O157,response regulator,656307-656940,GENE_ABSENT_IN_K12
yjcZ,UNIQUE_TO_O157,hypothetical protein,5183935-5184814,GENE_ABSENT_IN_K12
crfC,UNIQUE_TO_O157,clamp-binding sister replication fork colocalization protein,5181710-5183939,GENE_ABSENT_IN_K12
ynfH_2,UNIQUE_TO_O157,anaerobic dimethyl sulfoxide reductase chain C,3362134-3362956,GENE_ABSENT_IN_K12
ydjN,UNIQUE_TO_O157,transporter,2410784-2412176,GENE_ABSENT_IN_K12
impC,UNIQUE_TO_O157,type VI secretion system protein ImpC,261235-262627,GENE_ABSENT_IN_K12
phnE,UNIQUE_TO_O157,phosphonate ABC transporter permease protein PhnE,5177424-5178204,GENE_ABSENT_IN_K12
wecG,UNIQUE_TO_O157,UDP-N-acetyl-D-mannosaminuronic acid transferase,4773487-4774228,GENE_ABSENT_IN_K12
yhdW,UNIQUE_TO_O157,periplasmic binding transport protein,4154173-4155199,GENE_ABSENT_IN_K12
csiR,UNIQUE_TO_O157,transcriptional repressor,3517987-3518650,GENE_ABSENT_IN_K12
ydiV,UNIQUE_TO_O157,cyclic di-GMP regulator CdgR,2391157-2391871,GENE_ABSENT_IN_K12
yneM,UNIQUE_TO_O157,inner membrane-associated protein,2148676-2148772,GENE_ABSENT_IN_K12
ilvG,UNIQUE_TO_O157,acetolactate synthase 2 large subunit,4744129-4745776,GENE_ABSENT_IN_K12
yfcI,UNIQUE_TO_O157,transposase,3148953-3149844,GENE_ABSENT_IN_K12
yhaM,UNIQUE_TO_O157,L-serine dehydratase alpha chain,3995097-3996408,GENE_ABSENT_IN_K12
espL1,UNIQUE_TO_O157,T3SS effector-like protein EspL,2402942-2404841,GENE_ABSENT_IN_K12
crl,UNIQUE_TO_O157,transcriptional regulator Crl,295716-296118,GENE_ABSENT_IN_K12
nleE,UNIQUE_TO_O157,T3SS secreted effector NleE,3864778-3865453,GENE_ABSENT_IN_K12
yebS,UNIQUE_TO_O157,inner membrane PqiA domain protein,2518224-2519508,GENE_ABSENT_IN_K12
eprS,UNIQUE_TO_O157,T3SS component EprS,3722961-3724083,GENE_ABSENT_IN_K12
nleC,UNIQUE_TO_O157,T3SS secreted effector NleC,925635-926655,GENE_ABSENT_IN_K12
nupX_2,UNIQUE_TO_O157,nucleoside permease,2991147-2992398,GENE_ABSENT_IN_K12
yliF,UNIQUE_TO_O157,membrane-anchored diguanylate cyclase,999669-1000998,GENE_ABSENT_IN_K12
lpfD,UNIQUE_TO_O157,fimbrial protein,4699679-4700750,GENE_ABSENT_IN_K12
stx1A,UNIQUE_TO_O157,Shiga toxin 1 subunit A,2924903-2925851,GENE_ABSENT_IN_K12
eefC,UNIQUE_TO_O157,outer membrane channel protein,1857300-1858674,GENE_ABSENT_IN_K12
panM,UNIQUE_TO_O157,PanD autocleavage accelerator,4316596-4316980,GENE_ABSENT_IN_K12
glvA,UNIQUE_TO_O157,putative 6-phospho-beta-glucosidase,4651773-4653096,GENE_ABSENT_IN_K12
pchC,UNIQUE_TO_O157,PchABC family transcriptional regulator,2690472-2690787,GENE_ABSENT_IN_K12
yedW,UNIQUE_TO_O157,response regulator,2662827-2663610,GENE_ABSENT_IN_K12
glmL,UNIQUE_TO_O157,glutamate mutase L,851325-852714,GENE_ABSENT_IN_K12
ycfQ,UNIQUE_TO_O157,TetR family transcriptional regulator,1527464-1528160,GENE_ABSENT_IN_K12
escD,UNIQUE_TO_O157,T3SS structure protein EscD,4595098-4596319,GENE_ABSENT_IN_K12
yfgF,UNIQUE_TO_O157,cyclic-di-GMP phosphodiesterase,3342971-3345215,GENE_ABSENT_IN_K12
yaiC,UNIQUE_TO_O157,diguanylate cyclase,463482-464598,GENE_ABSENT_IN_K12
vgrE,UNIQUE_TO_O157,type VI secretion system Vgr family protein,2043874-2045983,GENE_ABSENT_IN_K12
kpdD,UNIQUE_TO_O157,hypothetical protein,3584267-3584504,GENE_ABSENT_IN_K12
grvA,UNIQUE_TO_O157,transcriptional regulator,1339632-1340445,GENE_ABSENT_IN_K12
wcaN,UNIQUE_TO_O157,UTP--glucose-1-phosphate uridylyltransferase,2787728-2788622,GENE_ABSENT_IN_K12
yneF,UNIQUE_TO_O157,diguanylate cyclase,2134955-2136374,GENE_ABSENT_IN_K12
small,UNIQUE_TO_O157,Hok/gef family protein,3607407-3607560,GENE_ABSENT_IN_K12
ureC,UNIQUE_TO_O157,urease subunit alpha,1392042-1393746,GENE_ABSENT_IN_K12
yddW,UNIQUE_TO_O157,lipoprotein,2088885-2090205,GENE_ABSENT_IN_K12
eprK,UNIQUE_TO_O157,type III secretion system lipoprotein precursor EprK,3719330-3720065,GENE_ABSENT_IN_K12
yneJ,UNIQUE_TO_O157,transcriptional regulator,2139350-2140232,GENE_ABSENT_IN_K12
espR3,UNIQUE_TO_O157,T3SS effector-like protein EspR,2633874-2635014,GENE_ABSENT_IN_K12
ureF,UNIQUE_TO_O157,urease accessory protein,1394220-1394895,GENE_ABSENT_IN_K12
sepL,UNIQUE_TO_O157,T3SS secretion switching protein SepL,4593900-4594956,GENE_ABSENT_IN_K12
yggW,UNIQUE_TO_O157,oxidoreductase,3838899-3840036,GENE_ABSENT_IN_K12
impH,UNIQUE_TO_O157,type VI secretion system protein ImpH,257831-258914,GENE_ABSENT_IN_K12
flhA_2,UNIQUE_TO_O157,flagellar export pore protein,2565038-2567117,GENE_ABSENT_IN_K12
wzx,UNIQUE_TO_O157,O-antigen flippase,2783353-2784745,GENE_ABSENT_IN_K12
nleH1_2,UNIQUE_TO_O157,T3SS secreted effector NleH,1804829-1805741,GENE_ABSENT_IN_K12
cybC,UNIQUE_TO_O157,cytochrome b562,5315101-5315488,GENE_ABSENT_IN_K12
yeiQ_2,UNIQUE_TO_O157,NAD-dependent D-mannonate oxidoreductase,3001299-3002775,GENE_ABSENT_IN_K12
ybiH,UNIQUE_TO_O157,transcriptional regulator,952339-953011,GENE_ABSENT_IN_K12
ydaC,UNIQUE_TO_O157,hypothetical protein,1923160-1923349,GENE_ABSENT_IN_K12
hopD,UNIQUE_TO_O157,leader peptidase HopD,4188788-4189256,GENE_ABSENT_IN_K12
eivG,UNIQUE_TO_O157,type III secretion protein EivG,3732560-3734264,GENE_ABSENT_IN_K12
ybjE,UNIQUE_TO_O157,transporter,1045070-1045970,GENE_ABSENT_IN_K12
gatR,UNIQUE_TO_O157,transcriptional repressor GatR of galactitol utilization,2844632-2845412,GENE_ABSENT_IN_K12
etrA,UNIQUE_TO_O157,transcriptional regulator,3722104-3722605,GENE_ABSENT_IN_K12
cydA_1,UNIQUE_TO_O157,cytochrome d terminal oxidase subunit I,855964-857533,GENE_ABSENT_IN_K12
ybaO,UNIQUE_TO_O157,transcriptional regulator,534446-534905,GENE_ABSENT_IN_K12
escS,UNIQUE_TO_O157,T3SS structure protein EscS,4617187-4617457,GENE_ABSENT_IN_K12
stx2A,UNIQUE_TO_O157,Shiga toxin 2 subunit A,1267106-1268066,GENE_ABSENT_IN_K12
terE,UNIQUE_TO_O157,tellurium resistance protein TerE,1416613-1417189,GENE_ABSENT_IN_K12
nleD,UNIQUE_TO_O157,T3SS secreted effector NleD,928594-929293,GENE_ABSENT_IN_K12
terD,UNIQUE_TO_O157,tellurium resistance protein TerD,1415966-1416545,GENE_ABSENT_IN_K12
yejO,UNIQUE_TO_O157,autotransporter outer membrane protein,3021452-3024044,GENE_ABSENT_IN_K12
ynfF_3,UNIQUE_TO_O157,S- and N-oxide reductase subunit A,2260521-2262918,GENE_ABSENT_IN_K12
yncD,UNIQUE_TO_O157,iron outer membrane transporter,2036862-2038965,GENE_ABSENT_IN_K12
yibB,UNIQUE_TO_O157,hypothetical protein,4539783-4540656,GENE_ABSENT_IN_K12
yhjC,UNIQUE_TO_O157,LysR family transcriptional regulator,4414603-4415575,GENE_ABSENT_IN_K12
galP_2,UNIQUE_TO_O157,D-galactose transporter,3829909-3831304,GENE_ABSENT_IN_K12
yceG,UNIQUE_TO_O157,aminodeoxychorismate lyase,1513347-1514370,GENE_ABSENT_IN_K12
nleG8-2,UNIQUE_TO_O157,T3SS secreted effector NleG,3477888-3478539,GENE_ABSENT_IN_K12
pmbA,UNIQUE_TO_O157,antibiotic peptide MccB17 maturation peptidase,5313565-5314918,GENE_ABSENT_IN_K12
ydaN,UNIQUE_TO_O157,Zn(II) transporter,1917658-1918642,GENE_ABSENT_IN_K12
yigM,UNIQUE_TO_O157,inner membrane EamA-like transporter,4807512-4808412,GENE_ABSENT_IN_K12
pchD,UNIQUE_TO_O157,transcriptional regulator PchD,1439876-1440146,GENE_ABSENT_IN_K12
yeeX,UNIQUE_TO_O157,hypothetical protein,2751673-2752003,GENE_ABSENT_IN_K12
ligT,UNIQUE_TO_O157,2'-5' RNA ligase,165823-166354,GENE_ABSENT_IN_K12
yeaJ,UNIQUE_TO_O157,diguanylate cyclase,2473782-2475273,GENE_ABSENT_IN_K12
eae,UNIQUE_TO_O157,T3SS intimin,4596582-4599387,GENE_ABSENT_IN_K12
tsaA,UNIQUE_TO_O157,tRNA-Thr(GGU) m(6)t(6)A37 methyltransferase,222217-222925,GENE_ABSENT_IN_K12
ypdA,UNIQUE_TO_O157,sensor kinase regulating yhjX,3226938-3228636,GENE_ABSENT_IN_K12
epaR2,UNIQUE_TO_O157,type III secretion protein EpaR,3724091-3724328,GENE_ABSENT_IN_K12
ydeK,UNIQUE_TO_O157,lipoprotein,2118113-2122145,GENE_ABSENT_IN_K12
yafK,UNIQUE_TO_O157,"L,D-transpeptidase-related protein",283032-283773,GENE_ABSENT_IN_K12
ybgL,UNIQUE_TO_O157,hypothetical protein,821811-822546,GENE_ABSENT_IN_K12
yhbJ,UNIQUE_TO_O157,nucleotide-binding protein,4089595-4090450,GENE_ABSENT_IN_K12
ynfK,UNIQUE_TO_O157,dethiobiotin synthetase,2266461-2267157,GENE_ABSENT_IN_K12
lpxR,UNIQUE_TO_O157,lipid A 3'-O-deacylase,897890-898850,GENE_ABSENT_IN_K12
yeiQ_1,UNIQUE_TO_O157,NAD-dependent D-mannonate oxidoreductase,2155485-2156946,GENE_ABSENT_IN_K12
acrS,UNIQUE_TO_O157,transcriptional regulator,4147889-4148552,GENE_ABSENT_IN_K12
rhmR,UNIQUE_TO_O157,transcriptional regulator for the rhm operon,3092076-3092859,GENE_ABSENT_IN_K12
ureA,UNIQUE_TO_O157,urease subunit gamma,1391418-1391721,GENE_ABSENT_IN_K12
ureE,UNIQUE_TO_O157,urease accessory protein,1393755-1394220,GENE_ABSENT_IN_K12
fliY,UNIQUE_TO_O157,cystine transporter subunit,2621991-2622849,GENE_ABSENT_IN_K12
espB,UNIQUE_TO_O157,T3SS translocator EspB,4591167-4592106,GENE_ABSENT_IN_K12
fitA,UNIQUE_TO_O157,ferrichrome iron receptor precursor,3917520-3919662,GENE_ABSENT_IN_K12
espR1,UNIQUE_TO_O157,T3SS effector-like protein EspR,2063738-2064998,GENE_ABSENT_IN_K12
yaiE,UNIQUE_TO_O157,hypothetical protein,467956-468241,GENE_ABSENT_IN_K12
yqjI,UNIQUE_TO_O157,PadR family transcriptional regulator,3956437-3957061,GENE_ABSENT_IN_K12
yadD,UNIQUE_TO_O157,hypothetical protein,151340-152237,GENE_ABSENT_IN_K12
ybgK,UNIQUE_TO_O157,allophanate hydrolase,820889-821822,GENE_ABSENT_IN_K12
espO1-2,UNIQUE_TO_O157,T3SS secreted effector EspO,1809993-1810272,GENE_ABSENT_IN_K12
ureB,UNIQUE_TO_O157,urease subunit beta,1391729-1392050,GENE_ABSENT_IN_K12
ler,UNIQUE_TO_O157,transcription regulator Ler,4619910-4620282,GENE_ABSENT_IN_K12
chrR,UNIQUE_TO_O157,chromate reductase,4683485-4684052,GENE_ABSENT_IN_K12
espX2,UNIQUE_TO_O157,T3SS effector-like protein EspX,955214-957227,GENE_ABSENT_IN_K12
yjiP,UNIQUE_TO_O157,hypothetical protein,5432228-5433011,GENE_ABSENT_IN_K12
yqiC,UNIQUE_TO_O157,hypothetical protein,3931061-3931361,GENE_ABSENT_IN_K12
yfcU,UNIQUE_TO_O157,outer membrane usher protein,3178945-3181585,GENE_ABSENT_IN_K12
yagT,UNIQUE_TO_O157,xanthine dehydrogenase,334292-334982,GENE_ABSENT_IN_K12
eivF,UNIQUE_TO_O157,type III secretion protein EivF,3734260-3735010,GENE_ABSENT_IN_K12
nleG6-2,UNIQUE_TO_O157,T3SS secreted effector NleG,2159576-2160206,GENE_ABSENT_IN_K12
yncI,UNIQUE_TO_O157,hypothetical protein,276197-277370,GENE_ABSENT_IN_K12
cesT,UNIQUE_TO_O157,T3SS chaperone CesT,4599446-4599917,GENE_ABSENT_IN_K12
nleG2-2,UNIQUE_TO_O157,T3SS secreted effector NleG,1970263-1970839,GENE_ABSENT_IN_K12
typA,UNIQUE_TO_O157,GTP-binding protein,4854332-4856156,GENE_ABSENT_IN_K12
tccP/espFU/espF2-2,UNIQUE_TO_O157,T3SS secreted effector TccP,2669687-2670701,GENE_ABSENT_IN_K12
terC,UNIQUE_TO_O157,tellurium resistance protein TerC,1414877-1415918,GENE_ABSENT_IN_K12
lpfD_1,UNIQUE_TO_O157,minor fimbrial subunit,4453212-4454268,GENE_ABSENT_IN_K12
ylbA,UNIQUE_TO_O157,hypothetical protein,635769-636555,GENE_ABSENT_IN_K12
yfaH,UNIQUE_TO_O157,transcriptional regulator,3076805-3077684,GENE_ABSENT_IN_K12
ureD,UNIQUE_TO_O157,urease accessory protein,1390629-1391328,GENE_ABSENT_IN_K12
pchE,UNIQUE_TO_O157,transcriptional regulator PchE,1601771-1602044,GENE_ABSENT_IN_K12
ibrA,UNIQUE_TO_O157,phosphoadenosine phosphosulfate reductase,1437942-1439175,GENE_ABSENT_IN_K12
eefR,UNIQUE_TO_O157,transcription regulatory protein,1852358-1852925,GENE_ABSENT_IN_K12
citB,UNIQUE_TO_O157,response regulator in two-component regulatory system with CitA,735217-735898,GENE_ABSENT_IN_K12
yhbU,UNIQUE_TO_O157,protease,4044110-4045106,GENE_ABSENT_IN_K12
csiD,UNIQUE_TO_O157,carbon starvation protein,3511298-3512276,GENE_ABSENT_IN_K12
yfiN,UNIQUE_TO_O157,membrane-anchored diguanylate cyclase,3462634-3463861,GENE_ABSENT_IN_K12
ylaB,UNIQUE_TO_O157,membrane-anchored cyclic-di-GMP phosphodiesterase,543132-544683,GENE_ABSENT_IN_K12
espF,UNIQUE_TO_O157,T3SS secreted effector EspF,4589381-4590128,GENE_ABSENT_IN_K12
ypdB,UNIQUE_TO_O157,response regulator,3228650-3229385,GENE_ABSENT_IN_K12
sorB,UNIQUE_TO_O157,sorbose-permease PTS system IIB component,5080790-5081285,GENE_ABSENT_IN_K12
eprJ,UNIQUE_TO_O157,type III secretion protein EprJ,3720061-3720394,GENE_ABSENT_IN_K12
agaA,UNIQUE_TO_O157,N-acetylgalactosamine-6-phosphate deacetylase,4022159-4023293,GENE_ABSENT_IN_K12
espY3,UNIQUE_TO_O157,T3SS effector-like protein EspY,501537-503109,GENE_ABSENT_IN_K12
tsr_1,UNIQUE_TO_O157,methyl-accepting chemotaxis protein II,2573096-2574758,GENE_ABSENT_IN_K12
espZ,UNIQUE_TO_O157,T3SS secreted effector EspZ,4609704-4610004,GENE_ABSENT_IN_K12
terB,UNIQUE_TO_O157,tellurium resistance protein TerB,1414399-1414855,GENE_ABSENT_IN_K12
pka,UNIQUE_TO_O157,protein lysine acetyltransferase,3440284-3442945,GENE_ABSENT_IN_K12
yhcH,UNIQUE_TO_O157,hypothetical protein,4104388-4104853,GENE_ABSENT_IN_K12
lasT,UNIQUE_TO_O157,rRNA methyltransferase,5497867-5498554,GENE_ABSENT_IN_K12
escR,UNIQUE_TO_O157,T3SS structure protein EscR,4617456-4618110,GENE_ABSENT_IN_K12
pchA,UNIQUE_TO_O157,transcriptional regulator PchA,1183364-1183679,GENE_ABSENT_IN_K12
espX7,UNIQUE_TO_O157,T3SS effector-like protein EspX,1579302-1581651,GENE_ABSENT_IN_K12
yhjA,UNIQUE_TO_O157,cytochrome C peroxidase,4410051-4411449,GENE_ABSENT_IN_K12
mdtQ,UNIQUE_TO_O157,channel/filament proteins,2956370-2957897,GENE_ABSENT_IN_K12
ecpR,UNIQUE_TO_O157,transcriptional regulator for the ecp operon,343154-343697,GENE_ABSENT_IN_K12
ygeP,UNIQUE_TO_O157,hypothetical protein,3735601-3736660,GENE_ABSENT_IN_K12
lpfA_1,UNIQUE_TO_O157,fimbrial major protein precursor,4457635-4458160,GENE_ABSENT_IN_K12
lpfB,UNIQUE_TO_O157,fimbrial chaperone protein precursor,4456884-4457571,GENE_ABSENT_IN_K12
hyxA,UNIQUE_TO_O157,hypothetical protein,369562-370324,GENE_ABSENT_IN_K12
paa,UNIQUE_TO_O157,porcine attaching-effacing associated protein Paa/adherence factor AdfO,1768355-1769114,GENE_ABSENT_IN_K12
espG,UNIQUE_TO_O157,T3SS secreted effector EspG,4621595-4622741,GENE_ABSENT_IN_K12
ybgF,UNIQUE_TO_O157,periplasmic TolA-binding protein,864023-864815,GENE_ABSENT_IN_K12
escU,UNIQUE_TO_O157,T3SS structure protein EscU,4615381-4616419,GENE_ABSENT_IN_K12
espH,UNIQUE_TO_O157,T3SS secreted effector EspH,4603612-4604119,GENE_ABSENT_IN_K12
yegK,UNIQUE_TO_O157,ser/thr phosphatase-related protein,2826951-2827632,GENE_ABSENT_IN_K12
yliE,UNIQUE_TO_O157,membrane-anchored cyclic-di-GMP phosphodiesterase,997313-999662,GENE_ABSENT_IN_K12
gfcD_2,UNIQUE_TO_O157,O-antigen capsule production periplasmic protein,5091034-5093131,GENE_ABSENT_IN_K12
stm,UNIQUE_TO_O157,cell killing protein,4468147-4468360,GENE_ABSENT_IN_K12
lldP_2,UNIQUE_TO_O157,glycolate transporter,4524367-4526023,GENE_ABSENT_IN_K12
ydbC,UNIQUE_TO_O157,NAD(P)-binding oxidoreductase,1990189-1991050,GENE_ABSENT_IN_K12
imp,UNIQUE_TO_O157,type VI secretion system protein ImpI,256526-257807,GENE_ABSENT_IN_K12
